Identifier,Remark,Identifier,default,ru
,,MANPAGES_CCMD_ANGLECONVTEST_NAME,angleconvtest,angleconvtest
,,MANPAGES_CCMD_ANGLECONVTEST_DESC,"Internal test of angle conversion to different data types.
- Original angle: (double) ang;
- Obtaining DAngle::fromDeg(ang).BAMs();
- Casting to unsigned via (unsigned)(ang * (0x40000000 / 90.));
- Casting to signed via (unsigned)(int)(ang * (0x40000000 / 90.)).","Внутренняя проверка конвертации углов в разные типы данных.
- Оригинальный угол: (double) ang;
- Получение DAngle::fromDeg(ang).BAMs();
- Приведение к unsigned через (unsigned)(ang * (0x40000000 / 90.));
- Приведение к signed через (unsigned)(int)(ang * (0x40000000 / 90.))."
,,MANPAGES_CCMD_ANGLECONVTEST_EXMP,,
,,MANPAGES_CCMD_BENCH_NAME,bench,bench
,,MANPAGES_CCMD_BENCH_DESC,"Run a hardware rendering benchmark (performance analysis) for five seconds. Upon completion, a ""benchmarks.txt"" file will be created (or updated) in the game's startup directory with a snapshot of the information obtained during those five seconds.","Запустить бенчмарк (анализ скорости работы) hardware-рендеринга на пять секунд. По завершению в директории запуска игры появится (или обновится) файл ""benchmarks.txt"" со срезом информации, полученной за эти пять секунд."
,,MANPAGES_CCMD_BENCH_EXMP,,
,,MANPAGES_CCMD_CACHESOUND_NAME,cachesound <sound> ...,cachesound <звук> ...
,,MANPAGES_CCMD_CACHESOUND_DESC,"Forcefully caches the specified sound(s). Sound lookup is performed by logical name.","Принудительно кэширует указанный звук (звуки). Поиск звука производится по логическому имени."
,,MANPAGES_CCMD_CACHESOUND_EXMP,"cachesound menu/activate menu/dismiss menu/clear\tCache the three specified sounds.","cachesound menu/activate menu/dismiss menu/clear\tКэшировать три указанных звука."
,,MANPAGES_CCMD_CHANGESKILL_NAME,changeskill <skill>,changeskill <уровень>
,,MANPAGES_CCMD_CHANGESKILL_DESC,"Changes the {{skill level}}, and unlike the ""{{skill}}"" variable, applies it starting from the next level, rather than from a new game. Numbering starts from zero, and ""0"" usually corresponds to the easiest skill level. In original Doom, level ""4"" corresponds to ""Nightmare!"" difficulty.","Изменяет {{уровень сложности}}, и, в отличие от переменной ""{{skill}}"", применяет его уже со следующего уровня, а не с новой игры. Нумерация начинается с нуля, и ""0"" обычно соответствует самому простому уровню сложности. В оригинальном Doom уровень ""4"" соответствует сложности ""Nightmare!""."
,,MANPAGES_CCMD_CHANGESKILL_EXMP,"For Doom and Doom 2:
changeskill 0\t""I'm too young to die.""
changeskill 1\t""Hey, not too rough.""
changeskill 2\t""Hurt me plenty.""
changeskill 3\t""Ultra-Violence.""
changeskill 4\t""Nightmare!"" ","Для Doom и Doom 2:
changeskill 0\t""I'm too young to die.""
changeskill 1\t""Hey, not too rough.""
changeskill 2\t""Hurt me plenty.""
changeskill 3\t""Ultra-Violence.""
changeskill 4\t""Nightmare!"" "
,,MANPAGES_CCMD_CLEAR_NAME,clear,clear
,,MANPAGES_CCMD_CLEAR_DESC,"Clears the in-game console buffer, i.e., removes all lines, making it empty. This does not affect output via the {{logfile}} command or via stdout redirection.","Очищает буфер внутриигровой консоли, то есть удаляет все строки, делая её пустой. Никак не влияет на вывод через команду {{logfile}} или через перенаправление stdout."
,,MANPAGES_CCMD_CLEAR_EXMP,,
,,MANPAGES_CCMD_CLEARNODECACHE_NAME,clearnodecache,clearnodecache
,,MANPAGES_CCMD_CLEARNODECACHE_DESC,Clears all cached GL nodes.,"Очищает все кэшированные GL nodes."
,,MANPAGES_CCMD_CLEARNODECACHE_EXMP,,
,,MANPAGES_CCMD_CONTROLPRESET_NAME,controlpreset <keyboard_layout>,controlpreset <раскладка_клавиатуры>
,,MANPAGES_CCMD_CONTROLPRESET_DESC,"Sets one of the predefined {{keyboard layouts}} for the game. Values and their order may vary from version to version; you can see the valid names under ""Options"" -> ""Customize Controls"" -> ""Keyboard Layout"".","Устанавливает одну из предопределённых {{раскладок клавиатуры}} для игры. Значения и их порядок могут отличаться от версии к версии, посмотреть действительные названия можно по пути ""Настройки"" -> ""Управление"" -> ""Раскладка клавиатуры""."
,,MANPAGES_CCMD_CONTROLPRESET_EXMP,controlpreset 0\tClassic ZDoom layout.,"controlpreset 0\tРаскладка классического ZDoom."
,,MANPAGES_CCMD_CREATEENVIRONMENT_NAME,createenvironment,createenvironment
,,MANPAGES_CCMD_CREATEENVIRONMENT_DESC,"Internal command for creating a new reverb environment, primarily used in the {{reverbedit}} menu. There is no point in using it manually from the console, as it depends on the variables reverbedit_name, reverbedit_id1, and reverbedit_id2, which are protected from direct writing.","Внутренняя команда создания нового reverb-окружения, в первую очередь нужна в меню {{reverbedit}}. Вручную, из-под консоли, использовать её нет смысла, она зависит от переменных reverbedit_name, reverbedit_id1 и reverbedit_id2, которые защищены от прямой записи."
,,MANPAGES_CCMD_CREATEENVIRONMENT_EXMP,,
,,MANPAGES_CCMD_CURRENTMUSIC_NAME,currentmusic,currentmusic
,,MANPAGES_CCMD_CURRENTMUSIC_DESC,"Displays the name of the current music track. Alternative to the {{changemus}} command without parameters.","Отображение названия текущей композиции. Альтернатива команде {{changemus}} без параметров."
,,MANPAGES_CCMD_CURRENTMUSIC_EXMP,,
,,MANPAGES_CCMD_CVARSEARCH_NAME,cvarsearch <glob>,cvarsearch <маска>
,,MANPAGES_CCMD_CVARSEARCH_DESC,"Same as {{cvarlist}}, but displays search results for all CVars by mask. Wildcards ""*"" and ""?"" are supported.","То же, что и {{cvarlist}}, но отображает результаты поиска всех CVar по маске. Поддерживаются подстановочные знаки ""*"" и ""?""."
,,MANPAGES_CCMD_CVARSEARCH_EXMP,"cvarsearch coop\tWill output all CVars that include the word ""coop"".
cvarsearch coop*ammo\tAll CVars that include the word ""coop"", followed somewhere later by the word ""ammo"".
cvarsearch vid_\tAll CVars containing the substring ""vid_"".
cvarsearch vid_*scale*\tAll CVars containing the substring ""vid_"", followed somewhere later by the substring ""scale"".
cvarsearch gl_??????map\tAll CVars containing the substring ""gl_"", followed by 6 any characters, then the substring ""map"".","cvarsearch coop\tВыведет все CVar, которые включают в себя слово ""coop"".
cvarsearch coop*ammo\tВсе CVar, которые включают в себя слово ""coop"", за которой где-то далее будет слово ""ammo"".
cvarsearch vid_\tВсе CVar, в которых есть подстрока ""vid_"".
cvarsearch vid_*scale*\tВсе CVar, в которых есть подстрока ""vid_"", за которой где-то далее следует подстрока ""scale"".
cvarsearch gl_??????map\tВсе CVar, в которых есть подстрока ""gl_"", за которой следут 6 любых символов, а затем подстрока ""map""."
,,MANPAGES_CCMD_DEBUG_RESTART_NAME,debug_restart,debug_restart
,,MANPAGES_CCMD_DEBUG_RESTART_DESC,"Restarts the engine, used for debugging. When using this command, many basic arguments affecting the game are removed, including loaded files (""-file""), selected IWAD (""-iwad""), game mode (such as ""-deathmatch""), skill level (""-skill""), and so on. However, the autoload section from the *.ini file is still executed.","Перезапуск движка, используется для его отладки. При использовании этой команды удаляются многие основные аргументы, влияющие на игру, в том числе загружаемые файлы (""-file""), выбранный IWAD (""-iwad""), режим игры (как ""-deathmatch""), уровень сложности (""-skill"") и так далее. Однако раздел автозагрузки из *.ini-файла всё равно исполняется."
,,MANPAGES_CCMD_DEBUG_RESTART_EXMP,,
,,MANPAGES_CCMD_DUMP3DF_NAME,dump3df <sector>,dump3df <сектор>
,,MANPAGES_CCMD_DUMP3DF_DESC,"Displays technical information about 3D floors associated with the specified sector. Information includes height and the floor/ceiling model, flags, and transparency. If the sector has no 3D floors, the command will output nothing.","Выводит техническую информацию о 3D-полах, связанных с указанным сектором. Информация включает в себя высоту и модель нижней/верхней части, флаги, прозрачность. Если сектор не имеет 3D-полов, команда не выведет ничего."
,,MANPAGES_CCMD_DUMP3DF_EXMP,,
,"In theory, this command will print all the portals' displacement. In practice, it's not. I have checked for about ten projects with different portals, and CCMD output in all of them is empty. Tested with LZDoom, GZDoom, and newest UZDoom; ZDoom haven't had this CCMD yet.",MANPAGES_CCMD_DUMPLINKTABLE_NAME,dumplinktable,dumplinktable
,,MANPAGES_CCMD_DUMPLINKTABLE_DESC,"Displays portal displacements. If a portal is indirect, its color in the output will be different.","Отображение смещений порталов (""portal displacements""). Если портал косвенный, его цвет в выводе будет отличаться."
,,MANPAGES_CCMD_DUMPLINKTABLE_EXMP,,
,,MANPAGES_CCMD_DUMPTAGS_NAME,dumptags,dumptags
,,MANPAGES_CCMD_DUMPTAGS_DESC,"Outputs a complete list of tags for sectors and lines. Can be quite bulky for large levels.","Вывод полного списка тегов для секторов и линий. Может быть довольно громоздким для крупных уровней."
,,MANPAGES_CCMD_DUMPTAGS_EXMP,,
,,MANPAGES_CCMD_EVAL_NAME,eval <expression> [variable],eval <выражение> [переменная-для-записи]
,,MANPAGES_CCMD_EVAL_DESC,"Evaluates a mathematical {{expression}} and either prints it to the console or stores it in a {{console variable}}. Also see CCMD {{test}}.

When accessing {{CVARs}} from within the expression, you must prefix them with a dollar sign ($). Expressions for {{eval}} and {{test}} are written using prefix notation instead of the more common infix notation. Basically, you first specify what you want to do (the operator) and then what you want to do it to (the operands). You must separate operators and operands with spaces. The list of includes:
- Arithmetics: ""+ a b"", ""- a b"", ""* a b"", ""/ a b"" (division), ""% a b"" (reminder) and ""^ a b"" (raise {{a}} to the {{b}}-th power).
- Comparison: ""< a b"", ""<= a b"", ""> a b"", "">= a b"", ""= a b"" (equality, also ""== a b""), ""!= a b"" (inequality, also ""<> a b""). Result is ""1"" (if evalutes to true) or ""0"" (if false).
- Bit-wise: ""& a b"" (AND), ""| a b"" (OR), ""xor a b"" (exclusive OR).
- Logical: ""&& a b"" (logical AND), ""|| a b"" (logical OR).","Вычисляет математическое {{выражение}} и сохраняет полученный результат в заданную {{консольную переменную для записи}}, если она указана, или выводит результат прямо в консоль, если нет. Также см. консольную команду {{test}}.

При обращении к {{CVARs}} внутри выражения нужно предварять их знаком доллара ($). Выражения для {{eval}} и {{test}} записываются в префиксной нотации, а не в более привычной инфиксной. То есть сначала указывается, что нужно сделать (оператор), затем к чему это применить (операнды). Операторы и операнды должны разделяться пробелами. Список включает:
- Арифметика: ""+ a b"", ""- a b"", ""* a b"", ""/ a b"" (деление), ""% a b"" (остаток) и ""^ a b"" ({{a}} в степени {{b}}).
- Сравнения: ""< a b"", ""<= a b"", ""> a b"", "">= a b"", ""= a b"" (равенство, также ""== a b""), ""!= a b"" (неравенство, также ""<> a b""). В результате будет ""1"", если выражение истинно, и ""0"" иначе.
- Побитовые: ""& a b"" (битовое И), ""| a b"" (битовое ИЛИ), ""xor a b"" (исключающее ИЛИ).
- Логические: ""&& a b"" (логическое И), ""|| a b"" (логическое ИЛИ)."
,,MANPAGES_CCMD_EVAL_EXMP,"eval + 2 2\tComputes 2 + 2.
eval - 5 3\tComputes 5 - 3.
eval + 2 * 5 6\tComputes 2 + (5 * 6).
eval - $screenblocks 1 screenblocks\tDecreases the number of {{screenblocks}}.
eval + % $i_timescale 1 0.25 i_timescale\tCycles {{i_timescale}} between values ""0.25"", ""0.5"", ""0.75"" and ""1"".","eval + 2 2\tВычисляет 2 + 2.
eval - 5 3\tВычисляет 5 - 3.
eval + 2 * 5 6\tВычисляет 2 + (5 * 6).
eval - $screenblocks 1 screenblocks\tУменьшает значение переменной {{screenblocks}} на 1.
eval + % $i_timescale 1 0.5 i_timescale\tПоследовательно устанавливает {{i_timescale}} в ""0.25"", ""0.5"", ""0.75"" и ""1""."
,,MANPAGES_CCMD_EVENT_NAME,event <name> [arg1] [arg2] [arg3],event <название> [арг1] [арг2] [арг3]
,,MANPAGES_CCMD_EVENT_DESC,"Send a Console Event with the specified {{name}} and, if required, numeric {{arguments 1-3}}. Related to the {{netevent}} and {{interfaceevent}} commands.","Отправить Console Event с указанным {{названием}} и, если требуется, числовыми {{аргументами 1-3}}. Родственна командам {{netevent}} и {{interfaceevent}}."
,,MANPAGES_CCMD_EVENT_EXMP,"event myevent 44\tSend console event ""myevent"" with one argument ""44"".
event ""Data with spaces""\tSend console event ""Data with spaces"" without arguments.","event myevent 44\tОтправить консольное событие ""myevent"" с одним аргументом ""44"".
event ""Data with spaces""\tОтправить консольное событие ""Data with spaces"" без аргументов."
,,MANPAGES_CCMD_EXIT_NAME,exit,exit
,,MANPAGES_CCMD_EXIT_DESC,"Exit the game. Same as the {{quit}} command.","Выход из игры. То же, что и команда {{quit}}."
,,MANPAGES_CCMD_EXIT_EXMP,,
,,MANPAGES_CCMD_FFCF_NAME,ffcf,ffcf
,,MANPAGES_CCMD_FFCF_DESC,"Displays technical information about the sectors the player is currently associated with and the lines it cross.","Отображение технической информации о секторах, с которыми сейчас связан игрок, и пересекаемых им линиях."
,,MANPAGES_CCMD_FFCF_EXMP,,
,,MANPAGES_CCMD_FLUSHTEXTURES_NAME,flushtextures,flushtextures
,,MANPAGES_CCMD_FLUSHTEXTURES_DESC,"Resets all textures dependent on the rendering type. Can be used, for example, to clear redundant information when switching from a Software renderer to a GPU.","Сброс всех текстур, зависимых от типа рендеринга. Может использоваться, например, для очистки лишней информации при переходе с Software-рендерера на GPU."
,,MANPAGES_CCMD_FLUSHTEXTURES_EXMP,,
,,MANPAGES_CCMD_FS_DIR_NAME,fs_dir,fs_dir
,,MANPAGES_CCMD_FS_DIR_DESC,"A complete dump of all loaded files. Column list: full path to the file, short file name, resource ID, size in bytes, container (archive/path/*.wad file). Hidden files, as well as files inside *.wad, are indicated in red with an ""(h)"" suffix at the end.","Полный дамп всех загруженных файлов. Список колонок: полный путь до файла, краткое название файла, ID ресурса, размер в байтах, контейнер (архив/путь/*.wad-файл). Красным цветом с припиской ""(h)"" в конце обозначаются скрытые файлы, а также файлы внутри *.wad."
,,MANPAGES_CCMD_FS_DIR_EXMP,,
,,MANPAGES_CCMD_GC_NAME,gc <stop|now|full|count|pause [size]|stepmul [size]>,gc <stop|now|full|count|pause [размер]|stepmul [размер]>
,,MANPAGES_CCMD_GC_DESC,"Basic control of the memory garbage collector. See also ""{{stat gc}}"".","Базовое управление сборщиком мусора памяти (garbage collector). Также см. ""{{stat gc}}""."
,,MANPAGES_CCMD_GC_EXMP,"gc stop\tPauses the collector.
gc now\tForcefully compels the GC to delete all unneeded objects from memory.
gc count\tDisplays the number of tracked objects.","gc stop\tПриостанавливает работу сборщика.
gc now\tПринудительно заставляет GC удалить из памяти все ненужные объекты.
gc count\tВыводит количество отслеживаемых объектов."
,,MANPAGES_CCMD_GETDATE_NAME,getdate,getdate
,,MANPAGES_CCMD_GETDATE_DESC,"Retrieve the current date. If the {{setdate}} command has not been used previously, the actual date of the computer running the game will be displayed.","Получить текущую дату. Если ранее не была использована команда {{setdate}}, будет выведена действительная дата компьютера, на котором запущена игра."
,,MANPAGES_CCMD_GETDATE_EXMP,,
,,MANPAGES_CCMD_INTERFACEEVENT_NAME,interfaceevent <name> [arg1] [arg2] [arg3],interfaceevent <название> [арг1] [арг2] [арг3]
,,MANPAGES_CCMD_INTERFACEEVENT_DESC,"Send an Interface Event with the specified {{name}} and, if required, numeric {{arguments 1-3}}. Related to the {{netevent}} and {{event}} commands.","Отправить Interface Event с указанным {{названием}} и, если требуется, числовыми {{аргументами 1-3}}. Родственна командам {{netevent}} и {{event}}."
,,MANPAGES_CCMD_INTERFACEEVENT_EXMP,"interfaceevent myevent 44\tSend interface event ""myevent"" with one argument ""44"".
interfaceevent ""Data with spaces""\tSend interface event ""Data with spaces"" without arguments.","interfaceevent myevent 44\tОтправить событие интерфейса ""myevent"" с одним аргументом ""44"".
interfaceevent ""Data with spaces""\tОтправить событие интерфейса ""Data with spaces"" без аргументов."
,,MANPAGES_CCMD_LISTCVARSWITHOUTDESCRIPTION_NAME,listcvarswithoutdescription,listcvarswithoutdescription
,,MANPAGES_CCMD_LISTCVARSWITHOUTDESCRIPTION_DESC,"Outputs a list of only the names of all CVars, one per line.","Выводит список только названий всех CVar, по одному на строчку."
,,MANPAGES_CCMD_LISTCVARSWITHOUTDESCRIPTION_EXMP,,
,,MANPAGES_CCMD_LISTSHADERS_NAME,listshaders,listshaders
,,MANPAGES_CCMD_LISTSHADERS_DESC,Outputs a list of all post-processing shaders.,"Выводит список всех шейдеров постобработки."
,,MANPAGES_CCMD_LISTSHADERS_EXMP,,
,,MANPAGES_CCMD_LISTTEXTUREALIASES_NAME,listtexturealiases,listtexturealiases
,,MANPAGES_CCMD_LISTTEXTUREALIASES_DESC,Outputs a list of all texture aliases.,"Выводит список всех алиасов на текстуры."
,,MANPAGES_CCMD_LISTTEXTUREALIASES_EXMP,,
,,MANPAGES_CCMD_LISTUNIFORMS_NAME,listuniforms <shader>,listuniforms <шейдер>
,,MANPAGES_CCMD_LISTUNIFORMS_DESC,Outputs a list of all uniform variables for the specified {{shader}}.,"Выводит список всех uniform-переменных указанного {{шейдера}}."
,,MANPAGES_CCMD_LISTUNIFORMS_EXMP,,
,,MANPAGES_CCMD_LOAD_NAME,load <filename>,load <имя_файла>
,,MANPAGES_CCMD_LOAD_DESC,"Loads a game from the specified file (the "".zds"" extension is optional). The save file directory is taken from the {{save_dir}} variable or, if it is empty, from the default path. The current save path can be checked via the {{opensaves}} command. Loading from an absolute path is prohibited.","Загружает игру с указанного файла (расширение "".zds"" указывать необязательно). Директория файлов с сохранениями берётся с переменной {{save_dir}} или, если она пуста, то по пути по умолчанию. Текущий путь для сохранений можно проверить через команду {{opensaves}}. Загрузка по абсолютному пути запрещена."
,,MANPAGES_CCMD_LOAD_EXMP,"load auto02\tLoads the game from the file {{auto02.zds}}.
load ../../save.zds\tA way to load a file from another location via a relative path.","load auto02\tЗагружает игру с файла {{auto02.zds}}.
load ../../save.zds\tСпособ загрузки файла с другого места по относительному пути."
,,MANPAGES_CCMD_MEASUREINTERMISSIONS_NAME,measureintermissions,measureintermissions
,,MANPAGES_CCMD_MEASUREINTERMISSIONS_DESC,"Output the sizes of intermission screen texts, such as ""E1TEXT"", ""HE2TEXT"", ""T3TEXT"", and ""TXT_HEXEN_CLUS4MSG"". The search is performed across all known languages.","Вывести размеры текстов межмиссионных экранов, например, таких, как ""E1TEXT"", ""HE2TEXT"", ""T3TEXT"" и ""TXT_HEXEN_CLUS4MSG"". Поиск производится по всем известным языкам."
,,MANPAGES_CCMD_MEASUREINTERMISSIONS_DESC,"Output the sizes of intermission screen texts, such as ""E1TEXT"", ""HE2TEXT"", ""T3TEXT"" and ""TXT_HEXEN_CLUS4MSG"". Search is performed across all known languages.","Вывести размеры текстов межмиссионных экранов, например, таких, как ""E1TEXT"", ""HE2TEXT"", ""T3TEXT"" и ""TXT_HEXEN_CLUS4MSG"". Поиск производится по всем известным языкам."
,,MANPAGES_CCMD_MEASUREINTERMISSIONS_EXMP,,
,,MANPAGES_CCMD_MENUCONSOLE_NAME,menuconsole,menuconsole
,,MANPAGES_CCMD_MENUCONSOLE_DESC,"Remove all menus and toggle the console state. When entered from the console, it is analogous to calling {{toggleconsole}}.","Убрать все меню и переключить состояние консоли. При вводе из-под консоли аналогично вызову {{toggleconsole}}."
,,MANPAGES_CCMD_MENUCONSOLE_DESC,"Remove all menus and toggle console state. When entered from the console, equivalent to calling {{toggleconsole}}.","Убрать все меню и переключить состояние консоли. При вводе из-под консоли аналогично вызову {{toggleconsole}}."
,,MANPAGES_CCMD_MENUCONSOLE_EXMP,,
,,MANPAGES_CCMD_MENU_RESOLUTION_COMMIT_CHANGES_NAME,menu_resolution_commit_changes,menu_resolution_commit_changes
,,MANPAGES_CCMD_MENU_RESOLUTION_COMMIT_CHANGES_DESC,"Apply values specified via {{menu_resolution_set_custom}} as screen width and height. This command is not intended for manual invocation.","Применить значения, указанные через {{menu_resolution_set_custom}}, как ширину и высоту экрана. Эта команда не предназначена для ручного вызова."
,,MANPAGES_CCMD_MENU_RESOLUTION_COMMIT_CHANGES_EXMP,,
,,MANPAGES_CCMD_MENU_RESOLUTION_SET_CUSTOM_NAME,menu_resolution_set_custom <x> <y>,menu_resolution_set_custom <x> <y>
,,MANPAGES_CCMD_MENU_RESOLUTION_SET_CUSTOM_DESC,"Set the values for {{menu_resolution_custom_width}} and {{menu_resolution_custom_height}} (screen width and height, {{x}} and {{y}}, respectively). To apply, the {{menu_resolution_commit_changes}} command must be called. This command is not intended for manual invocation.","Установить значения {{menu_resolution_custom_width}} и {{menu_resolution_custom_height}} (ширину и высоту экрана, {{x}} и {{y}}, соответственно). Для применения необходимо вызвать команду {{menu_resolution_commit_changes}}. Эта команда не предназначена для ручного вызова."
,,MANPAGES_CCMD_MENU_RESOLUTION_SET_CUSTOM_EXMP,menu_resolution_set_custom 1920 1080\tSet the emulated screen resolution to FullHD.,"menu_resolution_set_custom 1920 1080\tУстановить эмулируемое разрешение экрана в FullHD."
,,MANPAGES_CCMD_MESSAGEMODE2_NAME,messagemode2,messagemode2
,,MANPAGES_CCMD_MESSAGEMODE2_DESC,"Switch to message typing mode for your team during teamplay ({{teamplay}} variable). From the console, it may be more convenient to use {{say_team}}.","Перейти в режим набора сообщения своей команде игроков при командной игре (переменная {{teamplay}}). Из-под консоли может быть удобнее использовать {{say_team}}."
,,MANPAGES_CCMD_MESSAGEMODE2_EXMP,,
,,MANPAGES_CCMD_NETEVENT_NAME,netevent <name> [arg1] [arg2] [arg3],netevent <название> [арг1] [арг2] [арг3]
,,MANPAGES_CCMD_NETEVENT_DESC,"Send a Network Event with the specified {{name}} and, if required, numeric {{arguments 1-3}}. Related to the {{event}} and {{interfaceevent}} commands.","Отправить Network Event с указанным {{названием}} и, если требуется, числовыми {{аргументами 1-3}}. Родственна командам {{event}} и {{interfaceevent}}."
,,MANPAGES_CCMD_NETEVENT_EXMP,"netevent myevent 44\tSend network event ""myevent"" with one argument ""44"".
netevent ""Data with spaces""\tSend network event ""Data with spaces"" without arguments.","netevent myevent 44\tОтправить сетевое событие ""myevent"" с одним аргументом ""44"".
netevent ""Data with spaces""\tОтправить сетевое событие ""Data with spaces"" без аргументов."
,,MANPAGES_CCMD_OPENCONFIG_NAME,openconfig,openconfig
,,MANPAGES_CCMD_OPENCONFIG_DESC,Open the directory containing the game configuration.,"Открыть каталог с конфигурацией игры."
,,MANPAGES_CCMD_OPENCONFIG_EXMP,,
,,MANPAGES_CCMD_OPENSAVES_NAME,opensaves,opensaves
,,MANPAGES_CCMD_OPENSAVES_DESC,Open the directory containing the game saves.,"Открыть каталог с сохранениями игры."
,,MANPAGES_CCMD_OPENSAVES_EXMP,,
,,MANPAGES_CCMD_OPENSCREENSHOTS_NAME,openscreenshots,openscreenshots
,,MANPAGES_CCMD_OPENSCREENSHOTS_DESC,Open the directory containing the game screenshots.,"Открыть каталог со скриншотами с игры"
,,MANPAGES_CCMD_OPENSCREENSHOTS_EXMP,,
,,MANPAGES_CCMD_PREVMENU_NAME,prevmenu,prevmenu
,,MANPAGES_CCMD_PREVMENU_DESC,"Go to the menu one level up. The command is not applicable for manual input in the console.","Перейти на меню уровнем выше. Команда неприменима для ручного ввода в консоли."
,,MANPAGES_CCMD_PREVMENU_EXMP,,
,,MANPAGES_CCMD_PRINTLOCALIZED_NAME,printlocalized <str> [lang],printlocalized <строка> [язык]
,,MANPAGES_CCMD_PRINTLOCALIZED_DESC,"Print the {{str}} in the specified {{lang}} according to the localization table. The ""$"" symbol at the beginning of the word is implied automatically. {{Lang}} can consist of two or three characters, and if not specified, the current locale is used.","Вывести {{строку}} на указанном {{языке}} согласно таблице локализации. Символ ""$"" в начале слова подразумевается автоматически. {{Язык}} может состоять из двух или трёх символов, а если он не указан, используется текущая локаль."
,,MANPAGES_CCMD_PRINTLOCALIZED_EXMP,"printlocalized c2text\tPrint {{$C2TEXT}} (the text screen at the end of Doom 2's second episode) in the current locale.
printlocalized c2text es\tPrint {{$C2TEXT}} in Spanish.
printlocalized gotarmor eng\tPrint {{$GOTARMOR}} in the British English dialect.","printlocalized c2text\tВывести {{$C2TEXT}} (экран с текстом по окончанию второго эпизода Doom 2) на текущей локали.
printlocalized c2text es\tВывести {{$C2TEXT}} на испанском языке.
printlocalized gotarmor eng\tВывести {{$GOTARMOR}} на британском диалекте английского."
,"Same as for `dumplinktable`. It should work, but it won't. First appear in GZDoom.",MANPAGES_CCMD_PRINTSECTIONS_NAME,printsections,printsections
,,MANPAGES_CCMD_PRINTSECTIONS_DESC,"Prints list of sections and segs for the level.","Выводит список секций и сегментов для уровня."
,,MANPAGES_CCMD_PRINTSECTIONS_EXMP,,
,,MANPAGES_CCMD_PROFILETHINKERS_NAME,profilethinkers <sort> [limit],profilethinkers <сортировка> [limit]
,,MANPAGES_CCMD_PROFILETHINKERS_DESC,"Profiling of Thinker class objects — gathering information about world object processing speed — is used to determine the slowest parts of the code. Profiling is launched for all world objects on the next game tick (i.e., you need to close the console). As a result, a list is output in {{sort}} order, with no more than {{limit}} rows if the limit is specified. {{Sort}} can be performed in eight ways:
 {{class}}, {{+c}} or {{1}} — by class name, ascending, ""A"" at the top.
{{-class}}, {{-c}} or {{2}} — by class name, descending, ""Z"" at the top.
 {{#}}, {{+#}} or {{3}}     — by number of objects, ascending, minimum at the top.
{{-#}} or {{4}}         — by number of objects, descending.
 {{avg}}, {{+a}} or {{5}}   — by average time, ascending, minimum at the top.
{{-avg}}, {{-a}} or {{6}}   — by average time, descending.
 {{total}}, {{+t}} or {{7}} — by total time, ascending, minimum at the top. This variant is used most often.
{{-total}}, {{-t}} or {{8}} — by total time, descending.

All times are specified in milliseconds. Average time is equal to the total time divided by the number of objects.","Профилирование объектов класса Thinker — сбор информации о скорости обработки объектов мира — используется для определения наиболее медленных мест в коде. Профилирование запускается для всех объектов мира на следующий игровой такт (т. е. надо закрыть консоль). В результате выводится список в порядке {{сортировки}}, количеством не более чем {{лимит}} строк, если лимит указан. {{Сортировка}} может проводиться восемью способами:
 {{class}}, {{+c}} или {{1}} — по названию класса, прямой порядок, вверху ""A"".
{{-class}}, {{-c}} или {{2}} — по названию класса, обратный порядок, вверху ""Z"".
 {{#}}, {{+#}} или {{3}}     — по числу объектов, прямой порядок, вверху минимум.
{{-#}} или {{4}}         — по числу объектов, обратный порядок.
 {{avg}}, {{+a}} или {{5}}   — по среднему времени, прямой порядок, вверху минимум.
{{-avg}}, {{-a}} или {{6}}   — по среднему времени, обратный порядок.
 {{total}}, {{+t}} или {{7}} — по общему времени, прямой порядок, вверху минимум. Этот вариант используется чаще всего.
{{-total}}, {{-t}} или {{8}} — по общему времени, обратный порядок.

Всё время указывается в миллисекундах. Среднее время равно общему времени, делённому на число объектов."
,,MANPAGES_CCMD_PROFILETHINKERS_EXMP,"profilethinkers 7\tStart profiling sorted by total time. Allows a quick estimate of whether the issue is complex code or a large number of objects.
profilethinkers -# 15\tAfter profiling, keep only 15 rows of the most frequent objects.
profilethinkers avg\tProfiling sorted by average time per object.","profilethinkers 7\tЗапустить профилирование с сортировкой по общему времени. Позволяет быстро прикинуть, проблема в сложном коде или в большом числе объектов.
profilethinkers -# 15\tПосле профилирования оставить только 15 строк наиболее часто встречающихся объектов.
profilethinkers avg\tПрофилирование с сортировкой по среднему времени на один объект."
,,MANPAGES_CCMD_QUICKLOAD_NAME,quickload,quickload
,,MANPAGES_CCMD_QUICKLOAD_DESC,Invoke the quickload dialog, similar to pressing {{F9}} with default keyboard settings.,"Вызвать диалог быстрой загрузки, аналогично нажатию {{F9}} при стандарных настройках клавиатуры."
,,MANPAGES_CCMD_QUICKLOAD_EXMP,,
,,MANPAGES_CCMD_QUICKSAVE_NAME,quicksave,quicksave
,,MANPAGES_CCMD_QUICKSAVE_DESC,Invoke the quicksave dialog, similar to pressing {{F6}} with default keyboard settings.,"Вызвать диалог быстрого сохранения, аналогично нажатию {{F6}} при стандарных настройках клавиатуры."
,,MANPAGES_CCMD_QUICKSAVE_EXMP,,
,,MANPAGES_CCMD_QUIT_NAME,quit,quit
,,MANPAGES_CCMD_QUIT_DESC,"Exit the game. Same as the {{exit}} command.","Выход из игры. То же, что и команда {{exit}}."
,,MANPAGES_CCMD_QUIT_EXMP,,
,,MANPAGES_CCMD_RESETB2DEFAULTS_NAME,resetb2defaults,resetb2defaults
,,MANPAGES_CCMD_RESETB2DEFAULTS_DESC,"Reset key bindings for actions to their defaults. The {{reset2defaults}} command includes this action.","Сброс привязок клавиш к действиям до стандартных. Команда {{reset2defaults}} включает в себя это действие."
,,MANPAGES_CCMD_RESETB2DEFAULTS_EXMP,,
,,MANPAGES_CCMD_REVERBEDIT_NAME,reverbedit,reverbedit
,,MANPAGES_CCMD_REVERBEDIT_DESC,Open the reverb environment settings menu.,Открыть меню настройки reverb-окружения.
,,MANPAGES_CCMD_REVERBEDIT_EXMP,,
,,MANPAGES_CCMD_REVERTENVIRONMENT_NAME,revertenvironment,revertenvironment
,,MANPAGES_CCMD_REVERTENVIRONMENT_DESC,"Internal command to revert changes in the reverb environment, primarily needed in the {{reverbedit}} menu. Manually, from the console, there is no point in using it; it depends on the variables reverbedit_name, reverbedit_id1 and reverbedit_id2, which are protected from direct writing.","Внутренняя команда отмены изменений в reverb-окружении, в первую очередь нужна в меню {{reverbedit}}. Вручную, из-под консоли, использовать её нет смысла, она зависит от переменных reverbedit_name, reverbedit_id1 и reverbedit_id2, которые защищены от прямой записи."
,,MANPAGES_CCMD_REVERTENVIRONMENT_EXMP,,
,,MANPAGES_CCMD_RNGSEED_NAME,rngseed (get|clear|set <value>),rngseed (get|clear|set <значение>)
,,MANPAGES_CCMD_RNGSEED_DESC,"Control the initial value (seed) of the random number generator. The {{get}} keyword outputs the current generation seed to the console; {{set}} sets a new static generation seed; {{clear}} resets it. It is important to note that setting or resetting the value will only be applied starting from a new game.","Управление начальным значением (ключом) генератора случайных чисел. Ключевое слово {{get}} выводит текущее значение ключа генерации в консоль; {{set}} устанавливает новое статическое значение ключа генерации; {{clear}} его сбрасывает. Важно заметить, что установка или сброс значения будет применяться только с новой игры."
,,MANPAGES_CCMD_RNGSEED_EXMP,"rngseed set 1234\tSet the random number generator seed to {{1234}}.
rngseed clear\tRemove the set seed. The next game will start with a different initial value.","rngseed set 1234\tУстановить ключ генератора случайных чисел в {{1234}}.
rngseed clear\tУбрать установленный ключ. Следующая игра начнётся уже с другим начальным значением."
,,MANPAGES_CCMD_R_SHOWCAPS_NAME,r_showcaps,r_showcaps
,,MANPAGES_CCMD_R_SHOWCAPS_DESC,"Show the list of capabilities of the current renderer.","Показать список возможностей текущего рендерера."
,,MANPAGES_CCMD_R_SHOWCAPS_EXMP,,
,,MANPAGES_CCMD_SAVE_NAME,save <filename> [description],save <имя_файла> [описание]
,,MANPAGES_CCMD_SAVE_DESC,"Save the game to the file {{filename}} (the "".zds"" extension is optional) with the header {{description}}. The directory for save files is taken from the {{save_dir}} variable or, if empty, from the default path. The current save path can be checked via the {{opensaves}} command. Saving to an absolute path is prohibited.","Сохранить игру в файл {{имя_файла}} (расширение "".zds"" указывать необязательно) с заголовком {{описание}}. Директория файлов с сохранениями берётся с переменной {{save_dir}} или, если она пуста, то по пути по умолчанию. Текущий путь для сохранений можно проверить через команду {{opensaves}}. Сохранение по абсолютному пути запрещено."
,,MANPAGES_CCMD_SAVE_EXMP,"save extra1\tSaves the game to the file {{extra1.zds}}.
save doom2map16.zds ""Doom 2, Suburbs""\tSaves the game to the file {{doom2map16.zds}} with the header ""Doom 2, Suburbs"".
save ../../save.zds\tA way to save a file to another location via a relative path.","save extra1\tСохраняет игру в файл {{extra1.zds}}.
save doom2map16.zds ""Doom 2, Suburbs""\tСохраняет игру в файл {{doom2map16.zds}} под заголовком ""Doom 2, Suburbs"".
save ../../save.zds\tСпособ сохранения файла в другое места по относительному пути."
,,MANPAGES_CCMD_SAVEREVERBS_NAME,savereverbs,savereverbs
,,MANPAGES_CCMD_SAVEREVERBS_DESC,"Internal command to write all changes from the reverb editor to the configuration file. Primarily used in the {{reverbedit}} menu.","Внутренняя команда записи всех изменений reverb-редактора в файл конфигурации. В первую очередь нужна в меню {{reverbedit}}."
,,MANPAGES_CCMD_SAVEREVERBS_EXMP,,
,,MANPAGES_CCMD_SELECTENVIRONMENT_NAME,selectenvironment,selectenvironment
,,MANPAGES_CCMD_SELECTENVIRONMENT_DESC,"Internal command for selecting an existing reverb environment, primarily used in the {{reverbedit}} menu. There is no point in using it manually from the console, as it depends on the variables reverbedit_name, reverbedit_id1, and reverbedit_id2, which are protected from direct writing.","Внутренняя команда выбора существующего reverb-окружения, в первую очередь нужна в меню {{reverbedit}}. Вручную, из-под консоли, использовать её нет смысла, она зависит от переменных reverbedit_name, reverbedit_id1 и reverbedit_id2, которые защищены от прямой записи."
,,MANPAGES_CCMD_SELECTENVIRONMENT_EXMP,,
,,MANPAGES_CCMD_SETDATE_NAME,setdate <HH:MM:SS DD-MM-YYYY>,setdate <ЧЧ:ММ:СС ДД-ММ-ГГГГ>
,,MANPAGES_CCMD_SETDATE_DESC,"Setting the date-time emulation within the engine to the specified value in the ""HOURS:MINUTES:SECONDS DAY-MONTH-YEAR"" format (syntax is mandatory: two colons, a space, and two hyphens). You can retrieve the current value via the {{getdate}} command. Does not affect the real time of the operating system.","Установка внутри движка эмуляции даты-времени на указанное значение в формате ""ЧАСЫ:МИНУТЫ:СЕКУНДЫ ДЕНЬ-МЕСЯЦ-ГОД"" (синтаксис обязателен: два двоеточия, пробел и два дефиса). Получить его можно через команду {{getdate}}. Не затрагивает реальное время операционной системы."
,,MANPAGES_CCMD_SETDATE_EXMP,setdate 21:33:07 31-12-2000\tJust a few hours away from the New Year of the new millennium!,"setdate 21:33:07 31-12-2000\tБез пары часов Новый год нового тысячелетия!"
,,MANPAGES_CCMD_SETINV_NAME,setinv <inventory> <amount> [overlimit],setinv <предмет> <количество> [сверх_предела]
,,MANPAGES_CCMD_SETINV_DESC,"Set the number of inventory {{items}} exactly to the specified {{amount}}. If the {{overlimit}} parameter is set to ""1"", the setting will ignore the inventory item maximum. You can also use the keyword ""health"" in place of {{item}}, which sets the player's health amount.

Please note that in some versions this command is broken and may cause the game to crash! Related commands are {{give}} and {{take}}.","Установить число {{предметов}} инвентаря ровно в указанное {{количество}}. Если параметр {{сверх_предела}} указан как ""1"", установка будет игнорировать максимум предметов инвентаря. На месте слова {{предмет}} также можно использовать ключевое слово ""health"", которое устанавливает количество здоровья игрока.

Имейте в виду, в части версий эта команда сломана и может привести к вылету игры! Родственные команды — {{give}} и {{take}}."
,,MANPAGES_CCMD_SETINV_EXMP,"setinv clip 100\tSet the amount of {{clip}} exactly to 100 items.
setinv health 999 1\tSet the player's health to 999 points (regardless of whether there is a limit of 100/200 units).","setinv clip 100\tУстановить количество {{clip}} ровно в 100 предметов.
setinv health 999 1\tУстановить здоровье игрока в 999 пунктов (вне зависимости от того, есть ли предел в 100/200 единиц)."
,,MANPAGES_CCMD_SETREPLAYGAIN_NAME,setreplaygain <dB>,setreplaygain <дБ>
,,MANPAGES_CCMD_SETREPLAYGAIN_DESC,"Music gain, in dB (allowable values from 0.0 to 10.0). Without a parameter, outputs the current gain. Requires an active playlist?","Усиление музыки, в дБ (допустимы значения от 0.0 до 10.0). Без параметра выводит текущее усиление. Требует запущенного плейлиста?"
,,MANPAGES_CCMD_SETREPLAYGAIN_EXMP,,
,,MANPAGES_CCMD_SHADERENABLE_NAME,shaderenable <name> <1|0|-1>,shaderenable <название> <1|0|-1>
,,MANPAGES_CCMD_SHADERENABLE_DESC,"Enabling or disabling the shader {{name}}. A value of ""1"" enables the shader, ""0"" disables it, and ""-1"" toggles it.","Включение или отключение шейдера {{название}}. Значение ""1"" включает шейдер, ""0"" отключает, ""-1"" переключает его."
,,MANPAGES_CCMD_SHADERENABLE_EXMP,shaderenable myshader 1\tEnable the shader {{myshader}}.,"shaderenable myshader 1\tВключить шейдер {{myshader}}."
,,MANPAGES_CCMD_SHADERUNIFORM_NAME,shaderuniform <shader> <uniform> [val1 [val2 [val3]]],shaderuniform <шейдер> <переменная> [знач1 [знач2 [знач3]]]
,,MANPAGES_CCMD_SHADERUNIFORM_DESC,"Read or set a uniform {{variable}} for the specified {{shader}}. If there are no {{values 1-3}}, the current values of the variable are displayed. All unspecified values become ""0.0"".","Чтение или установка uniform-{{переменной}} указанного {{шейдера}}. Если нет {{значений 1-3}}, выводятся текущие значения переменной. Все неуказанные значения превращаются в ""0.0""."
,,MANPAGES_CCMD_SHADERUNIFORM_EXMP,"shaderuniform myshader somevec\tOutput the value of the uniform variable {{somevec}} in shader {{myshader}}.
shaderuniform myshader e 2.71\tSet the value of the uniform variable {{myshader.e}} to ""2.71"".
shaderuniform myshader vec3 2.71\tSet the value of the uniform variable {{myshader.vec3}} to ""(2.71, 0.0, 0.0)"".
shaderuniform myshader vec3 1 2 3\tSet the value of the uniform variable {{myshader.vec3}} to ""(1.0, 2.0, 3.0)"".","shaderuniform myshader somevec\tВывести значение uniform-переменной {{somevec}} в шейдере {{myshader}}.
shaderuniform myshader e 2.71\tУстановить значение uniform-переменной {{myshader.e}} в ""2.71"".
shaderuniform myshader vec3 2.71\tУстановить значение uniform-переменной {{myshader.vec3}} в ""(2.71, 0.0, 0.0)"".
shaderuniform myshader vec3 1 2 3\tУстановить значение uniform-переменной {{myshader.vec3}} в ""(1.0, 2.0, 3.0)""."
,,MANPAGES_CCMD_SND_RESET_NAME,snd_reset,snd_reset
,,MANPAGES_CCMD_SND_RESET_DESC,Restarts the engine's sound subsystem.,"Перезапуск звуковой подсистемы движка."
,,MANPAGES_CCMD_SND_RESET_EXMP,,
,,MANPAGES_CCMD_SPYCANCEL_NAME,spycancel,spycancel
,,MANPAGES_CCMD_SPYCANCEL_DESC,Return to your own body when viewing from another player's perspective in multiplayer.,"Вернуться к своему телу при просмотре в мультиплеере экрана от лица другого игрока."
,,MANPAGES_CCMD_SPYCANCEL_EXMP,,
,,MANPAGES_CCMD_TEST_NAME,test <expression> <true-command> [<false-command>],test <выражение> <команда-при-успехе> [<команда-при-провале>]
,,MANPAGES_CCMD_TEST_DESC,"Evaluates {{expression}} and executes {{true-command}} if the result is non-zero. If the result is zero, then {{false-command}} will be executed instead (if you specified it).

{{Expression}} syntax is similar to the {{eval}} command. Note that {{command}}s should be wrapped in {{""}}quotes{{""}} if they have any arguments. CCMD {{alias}} can be useful with long input in {{command}}s.","Вычисляет {{выражение}} и выполняет {{команду-при-успехе}}, если результат ненулевой. Если результат равен нулю, выполняется {{команда-при-провале}} (но её может не быть).

Синтаксис {{выражения}} такой же, как и у команды {{eval}}. Обратите внимание, если у {{команд-при-...}} есть хотя бы один аргумент, они должны быть обёрнуты в {{""}}кавычки{{""}}. Длинную строку обычно проще вынести наружу в виде псевдонима с помощью команды {{alias}}."
,,MANPAGES_CCMD_TEST_EXMP,"test 0 kill ""echo False!""\tMake sure that ""0"" will trigger the second command (or be instantly killed).
test 1 ""echo True!"" kill\tMake sure that any non-zero result will trigger the first command (or be instantly killed).
test = + 2 2 4 ""echo 2+2 really is 4""\tVerify that ZDoom performs basic additions correctly. There's no {{false-command}}.

test $cl_run ""echo Running by default"" ""echo Calm""\tPrint different messages depending on whether autorun is on or off.

test <= $screenblocks 10 ""echo Screenblocks: $screenblocks"" ""echo The view window is full size""\tPrint different messages depending on the expression.","test 0 kill ""echo False!""\tУбедиться, что ""0"" действительно вызывает вторую команду (или быть мгновенно убитым).
test 1 ""echo True!"" kill\tУбедиться, что ненулевое значение действительно вызывает первую команду (или быть мгновенно убитым).

test = + 2 2 4 ""echo 2+2 really is 4""\tПодтвердить, что ZDoom правильно вычисляет базовую арифметику. Здесь не указана {{команда при провале}}.

test $cl_run ""echo Running by default"" ""echo Calm""\tВывести разные сообщения в зависимости от переменной постоянного бега {{$cl_run}}.

test <= $screenblocks 10 ""echo Screenblocks: $screenblocks"" ""echo The view window is full size""\tВывести разные сообщения в зависимости от результата выражения."
,,MANPAGES_CCMD_TESTCUTSCENE_NAME,testcutscene <buildfunction>,testcutscene <функция>
,,MANPAGES_CCMD_TESTCUTSCENE_DESC,Starts the specified cutscene.,"Запускает указанную катсцену."
,,MANPAGES_CCMD_TESTCUTSCENE_EXMP,,
,,MANPAGES_CCMD_TESTFINALE_NAME,testfinale <str> [lang],testfinale <строка> [язык]
,,MANPAGES_CCMD_TESTFINALE_DESC,"Launch a text interlude between episodes, with the {{str}} in the specified {{lang}} according to the localization table. The ""$"" symbol at the beginning of the string is implied automatically. {{Lang}} can consist of two or three characters, and if not specified, the current locale is used.

To output localized text to the console, you can use the {{printlocalized}} command.","Запустить текстовую заставку между эпизодами, со {{строкой}} на указанном {{языке}} согласно таблице локализации. Символ ""$"" в начале строки подразумевается автоматически. {{Язык}} может состоять из двух или трёх символов, а если он не указан, используется текущая локаль.

Для вывода локализованного текста в консоль можно использовать команду {{printlocalized}}."
,,MANPAGES_CCMD_TESTFINALE_EXMP,"testfinale c2text\tLaunch the text screen with the string {{$C2TEXT}} (end of Doom 2's second episode) in the current locale.
testfinale c2text es\tLaunch the text screen with the string {{$C2TEXT}} in Spanish.","testfinale c2text\tЗапустить текстовый экран со строкой {{$C2TEXT}} (окончание второго эпизода Doom 2) на текущей локали.
testfinale c2text es\tЗапустить текстовый экран со строкой {{$C2TEXT}} на испанском языке."
,,MANPAGES_CCMD_TOGGLEHUD_NAME,togglehud,togglehud
,,MANPAGES_CCMD_TOGGLEHUD_DESC,"Temporarily disables the display of the HUD and weapon hands; often used for creating screenshots on maps. To return to the original view, on many engine versions, it is sufficient to open and close the main menu via {{Escape}}.","Временно отключает отображение HUD и рук с оружием, часто используется для создания скриншотов на картах. Для того, чтобы вернуть исходный вид, на многих версиях движка достаточно открыть и закрыть главное меню через {{Escape}}."
,,MANPAGES_CCMD_TOGGLEHUD_EXMP,,
,,MANPAGES_CCMD_TOGGLEMESSAGES_NAME,togglemessages,togglemessages
,,MANPAGES_CCMD_TOGGLEMESSAGES_DESC,"Enables/disables the display of messages during play. This command does not affect the saving of messages in the console buffer.","Включение/отключение вывода сообщений во время игры. Эта команда не влияет на сохранение сообщений в буфере консоли."
,,MANPAGES_CCMD_TOGGLEMESSAGES_EXMP,,
,,MANPAGES_CCMD_TYPE_NAME,type <file>,type <файл>
,,MANPAGES_CCMD_TYPE_DESC,Output the contents of a loaded text {{file}} to the console.,"Вывести содержимое загруженного текстового {{файла}} в консоль."
,,MANPAGES_CCMD_TYPE_EXMP,type credits/icebrk1a.txt\tOutput the contents of the file {{credits/icebrk1a.txt}} (located in *zdoom.pk3) — information about the source of the ice cracking sound used in ZDoom ports.,"type credits/icebrk1a.txt\tВывести содержимое файла {{credits/icebrk1a.txt}} (находится в *zdoom.pk3) — информация о первоисточнике используемого звука треска льда в портах ZDoom."
,,MANPAGES_CCMD_TYPETABLE_NAME,typetable,typetable
,,MANPAGES_CCMD_TYPETABLE_DESC,"A debug command with long output that a user will never need. Output all cells of the hash table (as lists/chains) of all existing internal types, as well as statistics on the hash function efficiency.","Отладочная команда с длинным выводом, пользователю не будет нужна никогда. Вывести все ячейки хэш-таблицы (в виде списков/цепочек) всех существующих внутренних типов, а также статистику по эффективности хэш-функции."
,,MANPAGES_CCMD_TYPETABLE_EXMP,,
,,MANPAGES_CCMD_UNDOCOLORPIC_NAME,undocolorpic,undocolorpic
,,MANPAGES_CCMD_UNDOCOLORPIC_DESC,"A command intended exclusively for the ""ColorpickerMenu"" color selection menu; corresponds to the ""Undo changes"" button there. Not applicable when working through the console.","Команда, предназначенная исключительно для меню выбора цвета ""ColorpickerMenu"", соответствует там кнопке ""Отменить изменения"". Неприменима при работе через консоль."
,,MANPAGES_CCMD_UNDOCOLORPIC_EXMP,,
,,MANPAGES_CCMD_VID_LIST_SDL_RENDER_DRIVERS_NAME,vid_list_sdl_render_drivers,vid_list_sdl_render_drivers
,,MANPAGES_CCMD_VID_LIST_SDL_RENDER_DRIVERS_DESC,Output all available drivers for rendering via SDL.,"Вывод всех доступных драйверов для отрисовки через SDL."
,,MANPAGES_CCMD_VID_LIST_SDL_RENDER_DRIVERS_EXMP,,
,,MANPAGES_CCMD_VID_SCALETOHEIGHT_NAME,vid_scaletoheight <height>,vid_scaletoheight <высота>
,,MANPAGES_CCMD_VID_SCALETOHEIGHT_DESC,"Setting the emulated resolution {{height}} for fitting the game display window. Usually more convenient to use the ""Options"" -> ""Video Mode"" menu.","Установка эмулируемой {{высоты}} разрешения экрана для подгонки окна отображения игры. Обычно удобнее пользоваться меню ""Настройки"" -> ""Видеорежим""."
,,MANPAGES_CCMD_VID_SCALETOHEIGHT_EXMP,vid_scaletoheight 1080\tSet the height to 1080 pixels (FullHD).,vid_scaletoheight 1080\tУстановить высоту в 1080 пикселей (FullHD)."
,,MANPAGES_CCMD_VID_SCALETOLOWEST_NAME,vid_scaletolowest,vid_scaletolowest
,,MANPAGES_CCMD_VID_SCALETOLOWEST_DESC,"Fitting the window to the lowest possible resolution with the current screen characteristics. Usually more convenient to use the ""Options"" -> ""Video Mode"" menu.","Подгонка окна под минимально возможное разрешение с текущими харакретистиками экрана. Обычно удобнее пользоваться меню ""Настройки"" -> ""Видеорежим""."
,,MANPAGES_CCMD_VID_SCALETOLOWEST_EXMP,,
,,MANPAGES_CCMD_VID_SCALETOWIDTH_NAME,vid_scaletowidth <width>,vid_scaletowidth <ширина>
,,MANPAGES_CCMD_VID_SCALETOWIDTH_DESC,"Setting the emulated resolution {{width}} for fitting the game display window. Usually more convenient to use the ""Options"" -> ""Video Mode"" menu.","Установка эмулируемой {{ширины}} разрешения экрана для подгонки окна отображения игры. Обычно удобнее пользоваться меню ""Настройки"" -> ""Видеорежим""."
,,MANPAGES_CCMD_VID_SCALETOWIDTH_EXMP,vid_scaletowidth 1920\tSet the width to 1920 pixels (FullHD).,vid_scaletoheight 1920\tУстановить высоту в 1920 пикселей (FullHD)."
,,MANPAGES_CCMD_VID_SETSCALE_NAME,vid_setscale <x> <y> [linear] [pixel-shape],vid_setscale <x> <y> [линейно] [pixel-shape]
,,MANPAGES_CCMD_VID_SETSCALE_DESC,"Setting the resolution of a new display window according to the specified parameters. Usually more convenient to use the ""Options"" -> ""Video Mode"" menu.","Установка разрешения нового окна отображения по заданным параметрам. Обычно удобнее пользоваться меню ""Настройки"" -> ""Видеорежим""."
,,MANPAGES_CCMD_VID_SETSCALE_EXMP,,
,,MANPAGES_CCMD_VID_SETSIZE_NAME,vid_setsize,vid_setsize
,,MANPAGES_CCMD_VID_SETSIZE_DESC,"Setting the display window size. Usually more convenient to use the ""Options"" -> ""Video Mode"" menu.","Установка размера окна отображения. Обычно удобнее пользоваться меню ""Настройки"" -> ""Видеорежим""."
,,MANPAGES_CCMD_VID_SETSIZE_EXMP,,
,,MANPAGES_CCMD_VID_SHOWCURRENTSCALING_NAME,vid_showcurrentscaling,vid_showcurrentscaling
,,MANPAGES_CCMD_VID_SHOWCURRENTSCALING_DESC,"Show the current display window parameters (scaling, actual resolution of the current screen, and emulated screen resolution). Usually more convenient to use the ""Options"" -> ""Video Mode"" menu.","Показать текущие параметры окна отображения (масштабирование, реальное разрешение текущего экрана и эмулируемое разрешение экрана). Обычно удобнее пользоваться меню ""Настройки"" -> ""Видеорежим""."
,,MANPAGES_CCMD_VID_SHOWCURRENTSCALING_EXMP,,
,,MANPAGES_CCMD_VK_LISTDEVICES_NAME,vk_listdevices,vk_listdevices
,,MANPAGES_CCMD_VK_LISTDEVICES_DESC,Display all devices (GPUs) that Vulkan can work with.,"Отобразить все устройства (GPU), с которыми может работать Vulkan."
,,MANPAGES_CCMD_VK_LISTDEVICES_EXMP,,
,,MANPAGES_CCMD_VMENGINE_NAME,vmengine <default|checked|unchecked>,vmengine <default|checked|unchecked>
,,MANPAGES_CCMD_VMENGINE_DESC,"Can only be applied at engine startup. When compiling without JIT, set the ""VMExec"" virtual machine to the checked version ({{checked}}), unchecked ({{unchecked}}), or reset to default ({{default}} variant, determined by the presence of {{#define NDEBUG}} during build; in most builds this corresponds to the {{checked}} variant). Only applies to functions that have not been JIT-compiled.

Given that JIT compilation is now enabled by default in all engines, the usefulness of the command is questionable.","Можно применить только при запуске движка. При компиляции без JIT установить виртуальную машину ""VMExec"" в проверяемый вариант ({{checked}}), непроверяемый ({{unchecked}}), или сбросить до версии по умолчанию (вариант {{default}}, определяется по наличию {{#define NDEBUG}} при сборке, в большинстве сборок этот вариант соответствует варианту {{checked}}). Применяется только для функций, которые не были JIT-скомпилированы.

С учётом того, что сейчас во всех движках JIT-компиляция включена по умолчанию, полезность команды под вопросом."
,,MANPAGES_CCMD_VMENGINE_EXMP,,
,,MANPAGES_CCMD_WRITEINI_NAME,writeini [ini-file],writeini [ini-файл]
,,MANPAGES_CCMD_WRITEINI_DESC,"Write the current configuration to the configuration file. You can specify the {{ini-file}} argument, then the write will be performed to it; arbitrary paths in the file system are allowed.","Записать текущую конфигурацию в файл конфигурации. Можно указать аргумент {{ini-файл}}, тогда запись будет производиться в него, при этом допустимо указывать произвольный путь в файловой системе."
,,MANPAGES_CCMD_WRITEINI_EXMP,"writeini test.ini\tWrite configuration to file {{test.ini}}.
writeini C:\\Temp\\test.ini\tWrite configuration to file at path {{C:\\Temp\\test.ini}} (if there are write permissions).","writeini test.ini\tЗаписать конфигурацию в файл {{test.ini}}.
writeini C:\\Temp\\test.ini\tЗаписать конфигурацию в файл по пути {{C:\\Temp\\test.ini}} (если есть права на запись)."
,,MANPAGES_CCMD_WRITEMIDI_NAME,writemidi <midi> <out_file(!)> ,writemidi <название> <выходной_файл(!)>
,,MANPAGES_CCMD_WRITEMIDI_DESC,"Save the MIDI track with the specified {{name}} to a file. It is permissible to use the ""*"" symbol in place of the name to record the currently playing track to disk.

Attention! On almost all engine versions, due to a bug, the {{out_file}} argument is ignored, and the output file is always named the same as the MIDI track itself. Perhaps the best solution would be to use a resource editor.","Сохранить MIDI-трек с указанным {{названием}} в файл. Допустимо на месте названия использовать символ ""*"", чтобы записать на диск текущий проигрываемый трек.

Внимание! Практически на всех версиях движка из-за ошибки аргумент {{выходной_файл}} игнорируется, и выходной файл всегда называется также, как и сам MIDI-трек. Возможно, лучшим решением будет воспользоваться редактором ресурсов."
,,MANPAGES_CCMD_WRITEMIDI_EXMP,"writemidi d_romero x.mid\tWrite the composition {{d_romero}} from Doom 2 to the file ""d_romero"" (or to the file ""{{x.mid}}"" if the bug has already been fixed in the current engine version).","writemidi d_romero x.mid\tЗаписать композицию {{d_romero}} из Doom 2 в файл ""d_romero"" (или в файл ""{{x.mid}}"", если в текущей версии движка ошибка уже исправлена)."
,,MANPAGES_CCMD_WRITEWAVE_NAME,writewave <midi> <filename> [subsong] [sample rate] [synth name] [soundfont],writewave <midi> <выходной файл> [subsong] [частота дискретизации] [название синтезатора] [soundfont]
,,MANPAGES_CCMD_WRITEWAVE_DESC,"Write the MIDI as a RIFF WAV file with the specified parameters. For the {{synth name}} parameter, the names ""WildMidi"", ""GUS"", ""Timidity"", ""FluidSynth"", ""OPL"", ""OPN"" or ""ADL"" can be used; ""FluidSynth"" is used by default. It is acceptable to use the ""*"" symbol instead of the {{midi}} name to write the currently playing track to disk. If ""0"" is specified for {{subsong}} and {{sample rate}}, the properties set by the track itself are used.

Attention! The passed arguments are practically not checked for correctness; the game may crash. Perhaps the best solution would be to use a resource editor.","Записать MIDI как файл RIFF WAV с указанными параметрами. На месте параметра {{название синтезатора}} могут стоять названия ""WildMidi"", ""GUS"", ""Timidity"", ""FluidSynth"", ""OPL"", ""OPN"" или ""ADL"", по умолчанию используется ""FluidSynth"". Допустимо на месте названия {{midi}} использовать символ ""*"", чтобы записать на диск текущий проигрываемый трек. Если на месте {{subsong}} и {{частота дискретизации}} стоит ""0"", используются свойства, заданные самим треком.

Внимание! Передаваемые аргументы практически не проверяются на корректность, игра может вылететь. Возможно, лучшим решением будет воспользоваться редактором ресурсов."
,,MANPAGES_CCMD_WRITEWAVE_EXMP,,
